Word;Count
brutalengy;2544
работа;2384
свой;2286
2;2078
1;2056
вопрос;1984
система;1833
двигатель;1817
технарь;1807
суровый;1805
самый;1725
https;1666
новый;1540
работать;1469
большой;1411
сделать;1399
com;1387
самолет;1319
3;1313
становиться;1284
http;1279
ru;1210
5;1205
вода;1179
проект;1178
скорость;1167
4;1156
получать;1155
часть;1103
место;1090
помощь;1083
машина;1070
знать;1066
видео;1059
наука;983
мир;951
10;948
материал;936
технология;927
высокий;916
инженер;904
проблема;899
находить;898
являться;883
делать;873
использовать;872
тема;858
создавать;851
производство;844
земля;835
давать;826
www;825
нужный;817
хороший;812
процесс;808
задача;806
должный;804
начинать;800
дело;792
энергия;786
устройство;784
происходить;778
проходить;777
температура;776
добрый;772
humor;769
компания;757
данный;756
рассказывать;753
vk;746
интересный;741
представлять;739
рука;734
случай;729
конструкция;727
20;724
сила;714
вид;710
возможность;710
говорить;706
решать;706
научный;701
технический;700
воздух;698
мм;696
металл;695
результат;694
газ;692
позволять;691
друг;687
давление;686
современный;684
программа;676
6;670
космический;665
станок;661
мощность;660
условие;652
сторона;650
находиться;644
решение;642
поверхность;642
любой;641
понимать;638
показывать;637
завод;631
узнавать;626
лекция;621
физика;616
масса;612
техника;611
момент;609
университет;608
помогать;607
установка;606
основной;604
управление;596
тип;594
ток;592
7;588
история;587
модель;585
ученый;577
рабочий;576
россия;575
поэтому;571
например;569
v;568
разработка;565
предлагать;564
км;563
аппарат;558
8;554
youtube;553
использоваться;551
полет;546
движение;543
создание;543
простой;542
москва;536
число;536
деталь;533
общий;532
советский;532
идея;532
конец;531
область;524
группа;523
количество;522
автомобиль;522
качество;520
размер;518
элемент;516
идти;514
30;513
оставаться;509
видеть;508
главный;507
свет;506
способ;503
метод;503
0;503
некоторый;502
вариант;499
свободный;499
высота;498
оказываться;495
инструмент;492
думать;492
труба;492
устанавливать;492
центр;488
час;487
уровень;487
составлять;487
испытание;486
последний;485
метр;483
приводить;482
возникать;482
основа;481
называть;479
вход;476
небольшой;475
использование;475
утро;472
стоять;472
полный;470
поле;470
пара;468
принцип;465
смочь;465
состоять;463
проводить;462
разный;461
схема;461
механизм;460
15;460
форма;460
теория;458
